CÃ³digo,Nombre,PDF
DS12013,"CORONA DOBLE PARA DOS CADENAS SIMPLES 1"" Z13",https://tracensl.com/www2/ver_fichero.php?abtec=Cp5a7deGIV2pfomKBFLChw%3D%3D
DS12014,"CORONA DOBLE PARA DOS CADENAS SIMPLES 1"" Z14***",https://tracensl.com/www2/ver_fichero.php?abtec=G1Fy4INu03IYY9JReo9JHA%3D%3D
DS12015,"CORONA DOBLE PARA DOS CADENAS SIMPLES 1"" Z15",https://tracensl.com/www2/ver_fichero.php?abtec=3nnlRJey2hAWAG3zX%2By2%2BQ%3D%3D
DT12015,"CORONA DOBLE PARA DOS CADENAS SIMPLES 1"" Z15 TL-2012",https://tracensl.com/www2/ver_fichero.php?abtec=c7GbwLEgiLOftqEwSOywRw%3D%3D
DS12016,"CORONA DOBLE PARA DOS CADENAS SIMPLES 1"" Z16",https://tracensl.com/www2/ver_fichero.php?abtec=ZVwIffNDCEepqQjr9JpsLA%3D%3D
DT12016,"CORONA DOBLE PARA DOS CADENAS SIMPLES 1"" Z16 TL-2517",https://tracensl.com/www2/ver_fichero.php?abtec=oNfg7TsRIZC2ovc3Syneww%3D%3D
DS12017,"CORONA DOBLE PARA DOS CADENAS SIMPLES 1"" Z17",https://tracensl.com/www2/ver_fichero.php?abtec=fz7HwiSPU4K2Fy1QCTjfVQ%3D%3D
DT12017,"CORONA DOBLE PARA DOS CADENAS SIMPLES 1"" Z17 TL-2517",https://tracensl.com/www2/ver_fichero.php?abtec=AGzWtwWXRDt6JP7QyuGvhQ%3D%3D
DS12018,"CORONA DOBLE PARA DOS CADENAS SIMPLES 1"" Z18",https://tracensl.com/www2/ver_fichero.php?abtec=GrKHCbgAcC5IfX2IVduZhQ%3D%3D
DT12018,"CORONA DOBLE PARA DOS CADENAS SIMPLES 1"" Z18 TL-2517",https://tracensl.com/www2/ver_fichero.php?abtec=E8THZJ3FTTg8%2FZn7UnZE9Q%3D%3D
DS12019,"CORONA DOBLE PARA DOS CADENAS SIMPLES 1"" Z19",https://tracensl.com/www2/ver_fichero.php?abtec=D88KaUnFvp1T6vX5KKufXQ%3D%3D
DT12019,"CORONA DOBLE PARA DOS CADENAS SIMPLES 1"" Z19 TL-2127",https://tracensl.com/www2/ver_fichero.php?abtec=f8GZZrhvcEjJ7YdOOOa6VA%3D%3D
DS12020,"CORONA DOBLE PARA DOS CADENAS SIMPLES 1"" Z20",https://tracensl.com/www2/ver_fichero.php?abtec=If7DxECHSBuyknc9KcJo0w%3D%3D
DT12020,"CORONA DOBLE PARA DOS CADENAS SIMPLES 1"" Z20 TL-2517",https://tracensl.com/www2/ver_fichero.php?abtec=gI%2FU6kBU1gwgUn2JAz6dAw%3D%3D
DS12021,"CORONA DOBLE PARA DOS CADENAS SIMPLES 1"" Z21",https://tracensl.com/www2/ver_fichero.php?abtec=fUvu6ZovjbEGud57H7lPQQ%3D%3D
DT12021,"CORONA DOBLE PARA DOS CADENAS SIMPLES 1"" Z21 TL-3020",https://tracensl.com/www2/ver_fichero.php?abtec=VvZhXP98DG5pV%2BpyAdbQwg%3D%3D
DT12022,"CORONA DOBLE PARA DOS CADENAS SIMPLES 1"" Z22 TL-3020",https://tracensl.com/www2/ver_fichero.php?abtec=H6JSvhrrbG2V4Q%2BUqE3WzQ%3D%3D
DS12023,"CORONA DOBLE PARA DOS CADENAS SIMPLES 1"" Z23",https://tracensl.com/www2/ver_fichero.php?abtec=u%2FOGWM7s%2BberXxM5w8qtJw%3D%3D
DT12023,"CORONA DOBLE PARA DOS CADENAS SIMPLES 1"" Z23 TL-3020",https://tracensl.com/www2/ver_fichero.php?abtec=%2B6Dn5%2Fw1vq0NAyIBH1GmVQ%3D%3D
DT12024,"CORONA DOBLE PARA DOS CADENAS SIMPLES 1"" Z24 TL-3020",https://tracensl.com/www2/ver_fichero.php?abtec=CiKccypPwnTmb7NauIdKAw%3D%3D
DS12025,"CORONA DOBLE PARA DOS CADENAS SIMPLES 1"" Z25",https://tracensl.com/www2/ver_fichero.php?abtec=p38uaIOWTZiIkTpho1b6Qg%3D%3D
DT12025,"CORONA DOBLE PARA DOS CADENAS SIMPLES 1"" Z25 TL-3020",https://tracensl.com/www2/ver_fichero.php?abtec=VYoaFk2e%2BHkrnSGCdEfJxw%3D%3D
DT12030,"CORONA DOBLE PARA DOS CADENAS SIMPLES 1"" Z30 TL-3020",https://tracensl.com/www2/ver_fichero.php?abtec=oovAzhXa%2Fe5B6CBa04nQCg%3D%3D
DT12038,"CORONA DOBLE PARA DOS CADENAS SIMPLES 1"" Z38 TL-3020",https://tracensl.com/www2/ver_fichero.php?abtec=KICFwz79WDahpioKWshpWQ%3D%3D
DS09012,"CORONA DOBLE PARA DOS CADENAS SIMPLES 1/2"" Z12",https://tracensl.com/www2/ver_fichero.php?abtec=2qni0zUztY2ZRjDdHmxyRA%3D%3D
DS09013,"CORONA DOBLE PARA DOS CADENAS SIMPLES 1/2"" Z13",https://tracensl.com/www2/ver_fichero.php?abtec=AjZxjJpLKw9nBAF3Zi3RmA%3D%3D
DS09014,"CORONA DOBLE PARA DOS CADENAS SIMPLES 1/2"" Z14",https://tracensl.com/www2/ver_fichero.php?abtec=Cy5mU1Itd8lpIYVHny9oQQ%3D%3D
DS09015,"CORONA DOBLE PARA DOS CADENAS SIMPLES 1/2"" Z15",https://tracensl.com/www2/ver_fichero.php?abtec=f1iZAkUsN3lmt0VBCExH3g%3D%3D
DT09015,"CORONA DOBLE PARA DOS CADENAS SIMPLES 1/2"" Z15 TL-1008",https://tracensl.com/www2/ver_fichero.php?abtec=J46BFqqdHCJldSBq6nbAIg%3D%3D
DS09016,"CORONA DOBLE PARA DOS CADENAS SIMPLES 1/2"" Z16",https://tracensl.com/www2/ver_fichero.php?abtec=DfxER1iS%2FDyw5zS5XWQqJA%3D%3D
DT09016,"CORONA DOBLE PARA DOS CADENAS SIMPLES 1/2"" Z16 TL-1108",https://tracensl.com/www2/ver_fichero.php?abtec=2ypKLDaCfNy6%2FhQfj6nbTQ%3D%3D
DS09017,"CORONA DOBLE PARA DOS CADENAS SIMPLES 1/2"" Z17",https://tracensl.com/www2/ver_fichero.php?abtec=03HVCdnQtlbHYvJ%2BzyqWMg%3D%3D
DT09017,"CORONA DOBLE PARA DOS CADENAS SIMPLES 1/2"" Z17 TL-1210",https://tracensl.com/www2/ver_fichero.php?abtec=w%2BF%2FSZl46fYLPm7QhHl9hQ%3D%3D
DS09018,"CORONA DOBLE PARA DOS CADENAS SIMPLES 1/2"" Z18",https://tracensl.com/www2/ver_fichero.php?abtec=8yTfZXVm9apl1yjk%2FxT6qw%3D%3D
DT09018,"CORONA DOBLE PARA DOS CADENAS SIMPLES 1/2"" Z18 TL-1210",https://tracensl.com/www2/ver_fichero.php?abtec=GQu%2BEnJn%2FBRNDL4rrUCqmw%3D%3D
DS09019,"CORONA DOBLE PARA DOS CADENAS SIMPLES 1/2"" Z19",https://tracensl.com/www2/ver_fichero.php?abtec=Qr4knmG%2Bc7IbvNmDoruwGw%3D%3D
DT09019,"CORONA DOBLE PARA DOS CADENAS SIMPLES 1/2"" Z19 TL-1210",https://tracensl.com/www2/ver_fichero.php?abtec=KT7OtXHCOiChsamXv1a%2B%2BQ%3D%3D
DS09020,"CORONA DOBLE PARA DOS CADENAS SIMPLES 1/2"" Z20",https://tracensl.com/www2/ver_fichero.php?abtec=XJqepLmZYB%2FwNbRuTNH16Q%3D%3D
DT09020,"CORONA DOBLE PARA DOS CADENAS SIMPLES 1/2"" Z20 TL-1610",https://tracensl.com/www2/ver_fichero.php?abtec=XjQvrro7ZZiHOr2qGVLh2Q%3D%3D
DS09021,"CORONA DOBLE PARA DOS CADENAS SIMPLES 1/2"" Z21",https://tracensl.com/www2/ver_fichero.php?abtec=rGAlS8c5UfbUpRI3C14Rdw%3D%3D
DT09021,"CORONA DOBLE PARA DOS CADENAS SIMPLES 1/2"" Z21 TL-1610",https://tracensl.com/www2/ver_fichero.php?abtec=nSyPIbb0FBGRFpVkvdEqeg%3D%3D
DT09022,"CORONA DOBLE PARA DOS CADENAS SIMPLES 1/2"" Z22 TL-1610",https://tracensl.com/www2/ver_fichero.php?abtec=lYXuwaQRuGowNkr3yMS5UA%3D%3D
DS09023,"CORONA DOBLE PARA DOS CADENAS SIMPLES 1/2"" Z23",https://tracensl.com/www2/ver_fichero.php?abtec=pAu0GrJhG7w34QfdCKbIRA%3D%3D
DT09023,"CORONA DOBLE PARA DOS CADENAS SIMPLES 1/2"" Z23 TL-1610",https://tracensl.com/www2/ver_fichero.php?abtec=BCq3JAHjg40XB2C8ytUstw%3D%3D
DS09024,"CORONA DOBLE PARA DOS CADENAS SIMPLES 1/2"" Z24",https://tracensl.com/www2/ver_fichero.php?abtec=CO49vxQJ4HWYYZVA8FCTBA%3D%3D
DT09024,"CORONA DOBLE PARA DOS CADENAS SIMPLES 1/2"" Z24 TL-1610",https://tracensl.com/www2/ver_fichero.php?abtec=n1qxmRAAKPzjrpX%2BOc%2FC6g%3D%3D
DS09025,"CORONA DOBLE PARA DOS CADENAS SIMPLES 1/2"" Z25 ***",https://tracensl.com/www2/ver_fichero.php?abtec=euztV6d8w0SMCrjPoSDWow%3D%3D
DT09025,"CORONA DOBLE PARA DOS CADENAS SIMPLES 1/2"" Z25 TL-2012",https://tracensl.com/www2/ver_fichero.php?abtec=axrmG1QXt353i0snVJMZ9Q%3D%3D
DT09030,"CORONA DOBLE PARA DOS CADENAS SIMPLES 1/2"" Z30 TL-2012",https://tracensl.com/www2/ver_fichero.php?abtec=uonq9vW945EP8tra%2FlqUmg%3D%3D
DT09038,"CORONA DOBLE PARA DOS CADENAS SIMPLES 1/2"" Z38 TL-2012",https://tracensl.com/www2/ver_fichero.php?abtec=RBPrjoEGfP1xYavLoWb95A%3D%3D
DS11012,"CORONA DOBLE PARA DOS CADENAS SIMPLES 3/4"" Z12",https://tracensl.com/www2/ver_fichero.php?abtec=m7uGcP0BwZLcUJFtTCjfZQ%3D%3D
DS11013,"CORONA DOBLE PARA DOS CADENAS SIMPLES 3/4"" Z13",https://tracensl.com/www2/ver_fichero.php?abtec=eu0gFWkWFVXnKEdmWUkErA%3D%3D
DS11014,"CORONA DOBLE PARA DOS CADENAS SIMPLES 3/4"" Z14",https://tracensl.com/www2/ver_fichero.php?abtec=c609IJ02Kh6gTSnUTxcGpg%3D%3D
DS11015,"CORONA DOBLE PARA DOS CADENAS SIMPLES 3/4"" Z15",https://tracensl.com/www2/ver_fichero.php?abtec=udG2tpZl%2FbXLPy909vnMZg%3D%3D
DT11015,"CORONA DOBLE PARA DOS CADENAS SIMPLES 3/4"" Z15 TL-1610",https://tracensl.com/www2/ver_fichero.php?abtec=LofGqbawaBmK39Lh31eXng%3D%3D
DS11016,"CORONA DOBLE PARA DOS CADENAS SIMPLES 3/4"" Z16",https://tracensl.com/www2/ver_fichero.php?abtec=LjyoAQzDrB3fThVyhc8ktA%3D%3D
DT11016,"CORONA DOBLE PARA DOS CADENAS SIMPLES 3/4"" Z16 TL-1610",https://tracensl.com/www2/ver_fichero.php?abtec=EK3OIiWoR%2F99TaggsXmh3Q%3D%3D
DS11017,"CORONA DOBLE PARA DOS CADENAS SIMPLES 3/4"" Z17",https://tracensl.com/www2/ver_fichero.php?abtec=bNZNA1zozIfetmdqhd%2FCMg%3D%3D
DT11017,"CORONA DOBLE PARA DOS CADENAS SIMPLES 3/4"" Z17 TL-1610***",https://tracensl.com/www2/ver_fichero.php?abtec=dk5nBdLQXe3dQEjWr3YR7Q%3D%3D
DS11018,"CORONA DOBLE PARA DOS CADENAS SIMPLES 3/4"" Z18",https://tracensl.com/www2/ver_fichero.php?abtec=pE0%2BAysJH1r4AUr%2BvTPuvg%3D%3D
DT11018,"CORONA DOBLE PARA DOS CADENAS SIMPLES 3/4"" Z18 TL-2012",https://tracensl.com/www2/ver_fichero.php?abtec=grbS%2B49XE1hUNM%2BdLb8QNA%3D%3D
DS11019,"CORONA DOBLE PARA DOS CADENAS SIMPLES 3/4"" Z19",https://tracensl.com/www2/ver_fichero.php?abtec=o9RWKyRtV4s0FDvg9EJo3w%3D%3D
DT11019,"CORONA DOBLE PARA DOS CADENAS SIMPLES 3/4"" Z19 TL-2012",https://tracensl.com/www2/ver_fichero.php?abtec=%2FALtfXrppyic0WzwWh2AEQ%3D%3D
DS11020,"CORONA DOBLE PARA DOS CADENAS SIMPLES 3/4"" Z20",https://tracensl.com/www2/ver_fichero.php?abtec=XqNS98qQKywzRR3zsX7wFA%3D%3D
DT11020,"CORONA DOBLE PARA DOS CADENAS SIMPLES 3/4"" Z20 TL-2517",https://tracensl.com/www2/ver_fichero.php?abtec=Ftp2gEFaNdHLRiCEjUK5CQ%3D%3D
DS11021,"CORONA DOBLE PARA DOS CADENAS SIMPLES 3/4"" Z21",https://tracensl.com/www2/ver_fichero.php?abtec=RBBARsrplag5zwNvPMonQw%3D%3D
DT11021,"CORONA DOBLE PARA DOS CADENAS SIMPLES 3/4"" Z21 TL-2517",https://tracensl.com/www2/ver_fichero.php?abtec=mkWfIEY7WqS5fRl0Ydm8IA%3D%3D
DT11022,"CORONA DOBLE PARA DOS CADENAS SIMPLES 3/4"" Z22 TL-2517",https://tracensl.com/www2/ver_fichero.php?abtec=A2tzB8AYmw4AgozkqXZYKQ%3D%3D
DS11023,"CORONA DOBLE PARA DOS CADENAS SIMPLES 3/4"" Z23",https://tracensl.com/www2/ver_fichero.php?abtec=eNVmwHCa6o%2FmEnwWSuxjaQ%3D%3D
DT11023,"CORONA DOBLE PARA DOS CADENAS SIMPLES 3/4"" Z23 TL-2517",https://tracensl.com/www2/ver_fichero.php?abtec=BlvZP1mHxu3LXQvq8fMGKQ%3D%3D
DT11024,"CORONA DOBLE PARA DOS CADENAS SIMPLES 3/4"" Z24 TL-2517",https://tracensl.com/www2/ver_fichero.php?abtec=m6TR0mIPpMAThRlrNdVSjQ%3D%3D
DS11025,"CORONA DOBLE PARA DOS CADENAS SIMPLES 3/4"" Z25",https://tracensl.com/www2/ver_fichero.php?abtec=us5z3Fvi2TxVhRi4Nzy7rg%3D%3D
DT11025,"CORONA DOBLE PARA DOS CADENAS SIMPLES 3/4"" Z25 TL-2517",https://tracensl.com/www2/ver_fichero.php?abtec=G2ok%2BPLT7IzJLUTxxPsRvw%3D%3D
DT11030,"CORONA DOBLE PARA DOS CADENAS SIMPLES 3/4"" Z30 TL-2517",https://tracensl.com/www2/ver_fichero.php?abtec=quQhDLXPQl6sAWsQdwNOdw%3D%3D
DT11038,"CORONA DOBLE PARA DOS CADENAS SIMPLES 3/4"" Z38 TL-3020",https://tracensl.com/www2/ver_fichero.php?abtec=3wIPArGtV1f1SrookVttgw%3D%3D
DS05013,"CORONA DOBLE PARA DOS CADENAS SIMPLES 3/8"" Z13",https://tracensl.com/www2/ver_fichero.php?abtec=KLNZpk5qE8pe9fVanysJFQ%3D%3D
DS05014,"CORONA DOBLE PARA DOS CADENAS SIMPLES 3/8"" Z14",https://tracensl.com/www2/ver_fichero.php?abtec=Ys%2Fgq72dbDspyNTLepBOnw%3D%3D
DS05015,"CORONA DOBLE PARA DOS CADENAS SIMPLES 3/8"" Z15",https://tracensl.com/www2/ver_fichero.php?abtec=niFDfdvyFHsFQfa%2FjiVLhg%3D%3D
DS05016,"CORONA DOBLE PARA DOS CADENAS SIMPLES 3/8"" Z16",https://tracensl.com/www2/ver_fichero.php?abtec=z8%2Bt76fF0CZktLMMU43trA%3D%3D
DS05017,"CORONA DOBLE PARA DOS CADENAS SIMPLES 3/8"" Z17",https://tracensl.com/www2/ver_fichero.php?abtec=dkQaNGExMcZMj3aXmePfpg%3D%3D
DS05018,"CORONA DOBLE PARA DOS CADENAS SIMPLES 3/8"" Z18",https://tracensl.com/www2/ver_fichero.php?abtec=VEgSbSilxr6%2Fz1tk9qj7OQ%3D%3D
DS05019,"CORONA DOBLE PARA DOS CADENAS SIMPLES 3/8"" Z19",https://tracensl.com/www2/ver_fichero.php?abtec=66h1uXeHWpJeoPmxSRDXZg%3D%3D
DS05020,"CORONA DOBLE PARA DOS CADENAS SIMPLES 3/8"" Z20",https://tracensl.com/www2/ver_fichero.php?abtec=mi5jUaim1jD0Qxj3SYHVuw%3D%3D
DS05021,"CORONA DOBLE PARA DOS CADENAS SIMPLES 3/8"" Z21",https://tracensl.com/www2/ver_fichero.php?abtec=InscvO7rTa3qRzXNpOsLdQ%3D%3D
DS05023,"CORONA DOBLE PARA DOS CADENAS SIMPLES 3/8"" Z23",https://tracensl.com/www2/ver_fichero.php?abtec=J6rYxK5FtvUHdSMdfHxK3g%3D%3D
DS05025,"CORONA DOBLE PARA DOS CADENAS SIMPLES 3/8"" Z25",https://tracensl.com/www2/ver_fichero.php?abtec=vnFLi61yVfk4kbxC65%2FElw%3D%3D
DS10012,"CORONA DOBLE PARA DOS CADENAS SIMPLES 5/8"" Z12",https://tracensl.com/www2/ver_fichero.php?abtec=9Aj7LO9ULWT%2B9FHbXjvHbg%3D%3D
DS10013,"CORONA DOBLE PARA DOS CADENAS SIMPLES 5/8"" Z13",https://tracensl.com/www2/ver_fichero.php?abtec=rTJPf6GXldVu%2BjKO%2FCUkww%3D%3D
DS10014,"CORONA DOBLE PARA DOS CADENAS SIMPLES 5/8"" Z14",https://tracensl.com/www2/ver_fichero.php?abtec=5e6LfmjWmdRUGOVDk8MvyA%3D%3D
DS10015,"CORONA DOBLE PARA DOS CADENAS SIMPLES 5/8"" Z15",https://tracensl.com/www2/ver_fichero.php?abtec=8lAeK2pwUS4HzhfJ8e2%2BiQ%3D%3D
DT10015,"CORONA DOBLE PARA DOS CADENAS SIMPLES 5/8"" Z15 TL-1210",https://tracensl.com/www2/ver_fichero.php?abtec=zhQm58z2AqIxvwn2C9FZnQ%3D%3D
DS10016,"CORONA DOBLE PARA DOS CADENAS SIMPLES 5/8"" Z16",https://tracensl.com/www2/ver_fichero.php?abtec=5HQ8IrPzUEvqZa5jYyOzzw%3D%3D
DT10016,"CORONA DOBLE PARA DOS CADENAS SIMPLES 5/8"" Z16 TL-1610",https://tracensl.com/www2/ver_fichero.php?abtec=8bYCMHgap4sQeWa7V8Upmw%3D%3D
DS10017,"CORONA DOBLE PARA DOS CADENAS SIMPLES 5/8"" Z17",https://tracensl.com/www2/ver_fichero.php?abtec=e%2FKxLehNJbTOLXlRzLh9Dg%3D%3D
DT10017,"CORONA DOBLE PARA DOS CADENAS SIMPLES 5/8"" Z17 TL-1610",https://tracensl.com/www2/ver_fichero.php?abtec=JkE3f3mmT%2FerF%2BixJ5hIhA%3D%3D
DS10018,"CORONA DOBLE PARA DOS CADENAS SIMPLES 5/8"" Z18",https://tracensl.com/www2/ver_fichero.php?abtec=jrDWwF87HepHP7SinLtlGw%3D%3D
DT10018,"CORONA DOBLE PARA DOS CADENAS SIMPLES 5/8"" Z18 TL-1610",https://tracensl.com/www2/ver_fichero.php?abtec=AZZLHORTenqyKSohI5vlog%3D%3D
DS10019,"CORONA DOBLE PARA DOS CADENAS SIMPLES 5/8"" Z19",https://tracensl.com/www2/ver_fichero.php?abtec=Ye3fmZK6j96ZN%2Bx6sqOJ8A%3D%3D
DT10019,"CORONA DOBLE PARA DOS CADENAS SIMPLES 5/8"" Z19 TL-1610",https://tracensl.com/www2/ver_fichero.php?abtec=sfkHN%2BV82lDH6E1ioJHNzQ%3D%3D
DS10020,"CORONA DOBLE PARA DOS CADENAS SIMPLES 5/8"" Z20",https://tracensl.com/www2/ver_fichero.php?abtec=NzZ9mDXdzBRUPy4nxRAGyA%3D%3D
DT10020,"CORONA DOBLE PARA DOS CADENAS SIMPLES 5/8"" Z20 TL-1610",https://tracensl.com/www2/ver_fichero.php?abtec=Y5BO2gFuiwjrIowm3CsO%2BQ%3D%3D
DS10021,"CORONA DOBLE PARA DOS CADENAS SIMPLES 5/8"" Z21",https://tracensl.com/www2/ver_fichero.php?abtec=tcyuKeo65NtSw%2FXOTntk1w%3D%3D
DT10021,"CORONA DOBLE PARA DOS CADENAS SIMPLES 5/8"" Z21 TL-1610",https://tracensl.com/www2/ver_fichero.php?abtec=IEYtsYQs%2FsV9URGTk72Cww%3D%3D
DS10022,"CORONA DOBLE PARA DOS CADENAS SIMPLES 5/8"" Z22",https://tracensl.com/www2/ver_fichero.php?abtec=p8TrQks2GiG83mM%2BYjtYLQ%3D%3D
DT10022,"CORONA DOBLE PARA DOS CADENAS SIMPLES 5/8"" Z22 TL-1610",https://tracensl.com/www2/ver_fichero.php?abtec=DiAXefFBwfoH4NpJugMyeQ%3D%3D
DS10023,"CORONA DOBLE PARA DOS CADENAS SIMPLES 5/8"" Z23",https://tracensl.com/www2/ver_fichero.php?abtec=FKNaN8tl2FOgk2XrgFtTSw%3D%3D
DT10023,"CORONA DOBLE PARA DOS CADENAS SIMPLES 5/8"" Z23 TL-1610",https://tracensl.com/www2/ver_fichero.php?abtec=Ddp6oDNHBHVJflBzlAetEQ%3D%3D
DT10024,"CORONA DOBLE PARA DOS CADENAS SIMPLES 5/8"" Z24 TL-2012",https://tracensl.com/www2/ver_fichero.php?abtec=PZP80IxJhhGFVxaDARICgQ%3D%3D
DS10025,"CORONA DOBLE PARA DOS CADENAS SIMPLES 5/8"" Z25",https://tracensl.com/www2/ver_fichero.php?abtec=JAo9RK5%2BBahi%2FTp%2BaOPpCw%3D%3D
DT10025,"CORONA DOBLE PARA DOS CADENAS SIMPLES 5/8"" Z25 TL-2012",https://tracensl.com/www2/ver_fichero.php?abtec=UN8XkfWjAbcx7cNBLC347g%3D%3D
DT10030,"CORONA DOBLE PARA DOS CADENAS SIMPLES 5/8"" Z30 TL-2012",https://tracensl.com/www2/ver_fichero.php?abtec=lj4NLxVaK1HMI%2B0z2BvVKg%3D%3D
DT10038,"CORONA DOBLE PARA DOS CADENAS SIMPLES 5/8"" Z38 TL-2517",https://tracensl.com/www2/ver_fichero.php?abtec=Wk2Kgy2RxmrVCIstZnE%2FZA%3D%3D
