Código,Nombre,PDF
0431010I,PIÑON Z 10 3/8 SIMPLE INOX AISI 304,https://tracensl.com/www2/ver_fichero.php?abtec=0Bs7I%2BfyuLAt9fvvkbVq%2Fg%3D%3D
0431011I,PIÑON Z 11 3/8 SIMPLE INOX AISI 304,https://tracensl.com/www2/ver_fichero.php?abtec=mwiPhfS838ufbCtPgTA4Rg%3D%3D
0451045I,"PIÑON DE CADENA SIMPLE 5/8"" Z45 INOX",https://tracensl.com/www2/ver_fichero.php?abtec=NtlUx%2F4HuI9u%2FTTwWQNoHQ%3D%3D
0441010I,PIÑON Z 10 1/2 SIMPLE. INOX AISI-304,https://tracensl.com/www2/ver_fichero.php?abtec=zTvhNGAiCn0GyFGlTX9iwA%3D%3D
0451010I,PIÑON Z 10 5/8 SIMPLE INOX AISI 304,https://tracensl.com/www2/ver_fichero.php?abtec=S5sivHB8RrMkH%2BQCdEO8Rg%3D%3D
0441011I,PIÑON Z 11 1/2 SIMPLE INOX AISI 304,https://tracensl.com/www2/ver_fichero.php?abtec=OBawYfOsxkpQ08meptnWSA%3D%3D
0461011I,PIÑON Z 11 3/4 SIMPLE INOX AISI 304,https://tracensl.com/www2/ver_fichero.php?abtec=ONS3NFHRa07fpw6Pu%2F3HCw%3D%3D
0451011I,PIÑON Z 11 5/8 SIMPLE INOX AISI 304,https://tracensl.com/www2/ver_fichero.php?abtec=LQfKvPL5lie08QoDPlc8gQ%3D%3D
0471012I,"PIÑON Z 12 1"" SIMPLE INOX AISI 304",https://tracensl.com/www2/ver_fichero.php?abtec=bjZ9mOAX4hR3LzQSUAPu3w%3D%3D
0441012I,PIÑON Z 12 1/2 SIMPLE INOX AISI 304,https://tracensl.com/www2/ver_fichero.php?abtec=f3aqQvO1U2IBj8dGk7BchA%3D%3D
0461012I,PIÑON Z 12 3/4 SIMPLE INOX AISI 304,https://tracensl.com/www2/ver_fichero.php?abtec=H76axnqaaCV0oMw6XlhuiQ%3D%3D
0431012I,PIÑON Z 12 3/8 SIMPLE INOX AISI 304,https://tracensl.com/www2/ver_fichero.php?abtec=CAfo4OyvEWqfxOD%2BFcheLA%3D%3D
0451012I,PIÑON Z 12 5/8 SIMPLE INOX AISI 304,https://tracensl.com/www2/ver_fichero.php?abtec=GiCZTQlqPt%2BtJkXmpiV94w%3D%3D
0471013I,"PIÑON Z 13 1"" SIMPLE INOX AISI 304***",https://tracensl.com/www2/ver_fichero.php?abtec=WMwOjJ9YuhJW5Bm8x0wBiw%3D%3D
0441013I,PIÑON Z 13 1/2 SIMPLE INOX AISI 304,https://tracensl.com/www2/ver_fichero.php?abtec=P1lTXZGK0bLnDNTgTBowNw%3D%3D
0461013I,PIÑON Z 13 3/4 SIMPLE INOX AISI 304,https://tracensl.com/www2/ver_fichero.php?abtec=lPAcm7Z%2BrH%2Fq0%2BC3rcz0YA%3D%3D
0431013I,PIÑON Z 13 3/8 SIMPLE INOX AISI 304,https://tracensl.com/www2/ver_fichero.php?abtec=51eLZ1WRk15DcvQUC3YqEw%3D%3D
0451013I,PIÑON Z 13 5/8 SIMPLE INOX AISI 304,https://tracensl.com/www2/ver_fichero.php?abtec=YM87AeSo5ttoIcVym0Fl7w%3D%3D
0471014I,"PIÑON Z 14 1"" SIMPLE INOX AISI 304",https://tracensl.com/www2/ver_fichero.php?abtec=uibzwrBhMvFQysp3CkCuMg%3D%3D
0441014I,PIÑON Z 14 1/2 SIMPLE INOX AISI 304,https://tracensl.com/www2/ver_fichero.php?abtec=BpBKDnQfRehXco%2F67wgezg%3D%3D
0461014I,PIÑON Z 14 3/4 SIMPLE INOX AISI 304,https://tracensl.com/www2/ver_fichero.php?abtec=1vjMNv7OPQb%2BPEcfdr9B2A%3D%3D
0431014I,PIÑON Z 14 3/8 SIMPLE INOX AISI 304 ***,https://tracensl.com/www2/ver_fichero.php?abtec=rmPIi%2FzWeGrTYV4G0z%2FWLQ%3D%3D
0451014I,PIÑON Z 14 5/8 SIMPLE INOX AISI 304,https://tracensl.com/www2/ver_fichero.php?abtec=q4x2w4OhMurO9ZP9%2F8eBBw%3D%3D
0471015I,"PIÑON Z 15 1"" SIMPLE INOX AISI 304",https://tracensl.com/www2/ver_fichero.php?abtec=%2BRchRAb%2FrJ4BT6UAVBQMJg%3D%3D
0441015I,PIÑON Z 15 1/2 SIMPLE INOX AISI 304,https://tracensl.com/www2/ver_fichero.php?abtec=A%2FvkBIttnZfhoY7f1Ompqw%3D%3D
0461015I,PIÑON Z 15 3/4 SIMPLE INOX AISI 304,https://tracensl.com/www2/ver_fichero.php?abtec=Y9%2FwrI%2BdwZewx6OyH%2FU0DA%3D%3D
0431015I,PIÑON Z 15 3/8 SIMPLE INOX AISI 304,https://tracensl.com/www2/ver_fichero.php?abtec=7KHvVsNb4GMUo%2FfEuBwmnA%3D%3D
0451015I,PIÑON Z 15 5/8 SIMPLE INOX AISI 304,https://tracensl.com/www2/ver_fichero.php?abtec=YUIY56F2uOoduffBLfOz%2FA%3D%3D
0471016I,"PIÑON Z 16 1"" SIMPLE INOX AISI 304",https://tracensl.com/www2/ver_fichero.php?abtec=Rh7RpPcLwlj80U9y6l%2BGsA%3D%3D
0441016I,PIÑON Z 16 1/2 SIMPLE INOX AISI 304,https://tracensl.com/www2/ver_fichero.php?abtec=VCGa28iDS7R7qNiztsiO2Q%3D%3D
0461016I,PIÑON Z 16 3/4 SIMPLE INOX AISI 304,https://tracensl.com/www2/ver_fichero.php?abtec=uFMMZ2NNFaJ1TX2tFq6hZw%3D%3D
0431016I,PIÑON Z 16 3/8 SIMPLE INOX AISI 304,https://tracensl.com/www2/ver_fichero.php?abtec=%2F4pko3eJiWb04xRHwNOF8w%3D%3D
0451016I,PIÑON Z 16 5/8 SIMPLE INOX AISI 304,https://tracensl.com/www2/ver_fichero.php?abtec=ZzCf%2FX7K4EB%2BVzsGH4CStQ%3D%3D
0471017I,PIÑON Z 17 1 SIMPLE INOX AISI 304,https://tracensl.com/www2/ver_fichero.php?abtec=MpY3WYoJ2SSkjaGDtN9teg%3D%3D
0441017I,PIÑON Z 17 1/2 SIMPLE INOX AISI 304,https://tracensl.com/www2/ver_fichero.php?abtec=GA6piRqywvu7FU7%2F7P5EFg%3D%3D
0461017I,PIÑON Z 17 3/4 SIMPLE INOX AISI 304,https://tracensl.com/www2/ver_fichero.php?abtec=AOjvwtuD43rrjN8MP2xDEQ%3D%3D
0431017I,PIÑON Z 17 3/8 SIMPLE INOX AISI 304,https://tracensl.com/www2/ver_fichero.php?abtec=RwWNXO75IYOhaowgc02hoA%3D%3D
0451017I,PIÑON Z 17 5/8 SIMPLE INOX AISI 304,https://tracensl.com/www2/ver_fichero.php?abtec=jm1QRRWFBrQXQZX5NbCgfQ%3D%3D
0471018I,"PIÑON Z 18 1"" SIMPLE INOX AISI 304",https://tracensl.com/www2/ver_fichero.php?abtec=c6Cl10GUcGIHelBQvSDi8A%3D%3D
0441018I,PIÑON Z 18 1/2 SIMPLE INOX AISI 304,https://tracensl.com/www2/ver_fichero.php?abtec=WdgHPtuZYmf9JQ4nHbnydA%3D%3D
0461018I,PIÑON Z 18 3/4 SIMPLE INOX AISI 304,https://tracensl.com/www2/ver_fichero.php?abtec=b8HGTrLZjZSWPPjEsgH5dg%3D%3D
0431018I,PIÑON Z 18 3/8 SIMPLE INOX AISI 304,https://tracensl.com/www2/ver_fichero.php?abtec=QZZ4lXl1oWfSwo%2FpGXR8GA%3D%3D
0451018I,PIÑON Z 18 5/8 SIMPLE INOX AISI 304,https://tracensl.com/www2/ver_fichero.php?abtec=RlCC4cHxRT8l%2BMUV8gPvuw%3D%3D
0471019I,"PIÑON Z 19 1"" SIMPLE INOX AISI 304",https://tracensl.com/www2/ver_fichero.php?abtec=x2faByRGIYhvo95rbVmEPw%3D%3D
0441019I,PIÑON Z 19 1/2 SIMPLE INOX AISI 304,https://tracensl.com/www2/ver_fichero.php?abtec=VfPXn0dnQW99qU%2Ffv%2Fqj2w%3D%3D
0461019I,PIÑON Z 19 3/4 SIMPLE INOX AISI 304,https://tracensl.com/www2/ver_fichero.php?abtec=Eu30zrOlYCrEHIMh2HKezw%3D%3D
0431019I,PIÑON Z 19 3/8 SIMPLE INOX AISI 304,https://tracensl.com/www2/ver_fichero.php?abtec=C9yRdCupfM4xSi6uvumqQA%3D%3D
0451019I,PIÑON Z 19 5/8 SIMPLE INOX AISI 304,https://tracensl.com/www2/ver_fichero.php?abtec=lvgLkkwVpt2A0siKIWEvdw%3D%3D
0471020I,"PIÑON Z 20 1"" SIMPLE INOX AISI 304 ***",https://tracensl.com/www2/ver_fichero.php?abtec=4RJb417wQeS%2Fx6V0yXSwBA%3D%3D
0441020I,PIÑON Z 20 1/2 SIMPLE INOX AISI 304,https://tracensl.com/www2/ver_fichero.php?abtec=tYyZ%2Bsy7DPzbT63Cgout%2BA%3D%3D
0461020I,PIÑON Z 20 3/4 SIMPLE INOX AISI 304,https://tracensl.com/www2/ver_fichero.php?abtec=Mui1%2BzmL9yw1EP97imVd%2Fg%3D%3D
0431020I,PIÑON Z 20 3/8 SIMPLE INOX AISI 304,https://tracensl.com/www2/ver_fichero.php?abtec=%2FNwx8l5FYAmMeFJ0R59i2Q%3D%3D
0451020I,PIÑON Z 20 5/8 SIMPLE INOX AISI 304 ***,https://tracensl.com/www2/ver_fichero.php?abtec=LlTdmQA5mzikANBo05aWjw%3D%3D
0471021I,"PIÑON Z 21 1"" SIMPLE INOX AISI 304 ***",https://tracensl.com/www2/ver_fichero.php?abtec=hkVY0mrOUOgItDtZO6eEJg%3D%3D
0441021I,PIÑON Z 21 1/2 SIMPLE INOX AISI 304,https://tracensl.com/www2/ver_fichero.php?abtec=pv%2FtSgnNA4xyhiYe0MIL6Q%3D%3D
0461021I,PIÑON Z 21 3/4 SIMPLE INOX AISI 304***,https://tracensl.com/www2/ver_fichero.php?abtec=tnuNyvyCRXgNj%2BiaO6y4sg%3D%3D
0431021I,PIÑON Z 21 3/8 SIMPLE INOX AISI 304,https://tracensl.com/www2/ver_fichero.php?abtec=wuUHMlqKy0nxRyinASPDLg%3D%3D
0451021I,PIÑON Z 21 5/8 SIMPLE INOX AISI 304,https://tracensl.com/www2/ver_fichero.php?abtec=owmkxNbMtL3g%2Bb9ci2W3eQ%3D%3D
0471022I,"PIÑON Z 22 1"" SIMPLE INOX AISI 304",https://tracensl.com/www2/ver_fichero.php?abtec=qQlEnGEY5Tw%2FRK6juZIz1A%3D%3D
0441022I,PIÑON Z 22 1/2 SIMPLE INOX AISI 304,https://tracensl.com/www2/ver_fichero.php?abtec=wBg%2FMsFhsgZQUisDJMheYw%3D%3D
0461022I,PIÑON Z 22 3/4 SIMPLE INOX AISI 304,https://tracensl.com/www2/ver_fichero.php?abtec=r8QNnwPirGdehP91mVn9yw%3D%3D
0431022I,PIÑON Z 22 3/8 SIMPLE INOX AISI 304,https://tracensl.com/www2/ver_fichero.php?abtec=Zg0wCRCtgT8fIfXnMv1GKQ%3D%3D
0451022I,PIÑON Z 22 5/8 SIMPLE INOX AISI 304,https://tracensl.com/www2/ver_fichero.php?abtec=EkqZu%2FkFLJe%2BDT46CadJjg%3D%3D
0471023I,"PIÑON Z 23 1"" SIMPLE INOX AISI 304",https://tracensl.com/www2/ver_fichero.php?abtec=GrHMYZiLFYXJYknCLsolPQ%3D%3D
0441023I,PIÑON Z 23 1/2 SIMPLE INOX AISI 304I,https://tracensl.com/www2/ver_fichero.php?abtec=FyOA5%2BUAmJLhqormNj5BNQ%3D%3D
0461023I,PIÑON Z 23 3/4 SIMPLE INOX AISI 304,https://tracensl.com/www2/ver_fichero.php?abtec=cloeUUHHNWSIq%2FWNfuQX1g%3D%3D
0431023I,PIÑON Z 23 3/8 SIMPLE INOX AISI 304,https://tracensl.com/www2/ver_fichero.php?abtec=ZWE3YL3GClV7HojDL0HbHg%3D%3D
0451023I,PIÑON Z 23 5/8 SIMPLE INOX AISI 304,https://tracensl.com/www2/ver_fichero.php?abtec=jYMRF%2BQDfZb%2BtOsTfWIGsw%3D%3D
0471024I,"PIÑON Z 24 1"" SIMPLE INOX AISI 304",https://tracensl.com/www2/ver_fichero.php?abtec=bzMJxFPp2fyPhvXDNjTYTw%3D%3D
0441024I,PIÑON Z 24 1/2 SIMPLE INOX AISI 304,https://tracensl.com/www2/ver_fichero.php?abtec=1OnpCwU67fptColR36%2Bdtw%3D%3D
0461024I,PIÑON Z 24 3/4 SIMPLE INOX AISI 304,https://tracensl.com/www2/ver_fichero.php?abtec=tbfWYiKHku2bMr6oYV3TWQ%3D%3D
0431024I,PIÑON Z 24 3/8 SIMPLE INOX AISI 304,https://tracensl.com/www2/ver_fichero.php?abtec=PQr4lFnlIKXuG%2FWOaaJV6A%3D%3D
0451024I,PIÑON Z 24 5/8 SIMPLE INOX AISI 304,https://tracensl.com/www2/ver_fichero.php?abtec=%2FIXhKmQUhW3f6WWSrxQ5yg%3D%3D
0471025I,"PIÑON Z 25 1"" SIMPLE INOX AISI 304",https://tracensl.com/www2/ver_fichero.php?abtec=%2BRU5ySN4KtRQ9mZHWtMYIw%3D%3D
0441025I,PIÑON Z 25 1/2 SIMPLE INOX AISI 304,https://tracensl.com/www2/ver_fichero.php?abtec=344TJM7UvZetSYPAmmMOEg%3D%3D
0461025I,PIÑON Z 25 3/4 SIMPLE INOX AISI 304,https://tracensl.com/www2/ver_fichero.php?abtec=S9HsTVWOjQVYldu%2BIbGasg%3D%3D
0431025I,PIÑON Z 25 3/8 SIMPLE INOX AISI 304,https://tracensl.com/www2/ver_fichero.php?abtec=6zdgXDCpSfwOWb%2FLCsxplg%3D%3D
0451025I,PIÑON Z 25 5/8 SIMPLE INOX AISI 304,https://tracensl.com/www2/ver_fichero.php?abtec=8RByEn%2FpWYiTLntiMlpdzA%3D%3D
0441026I,PIÑON Z 26 1/2 SIMPLE INOX AISI 304,https://tracensl.com/www2/ver_fichero.php?abtec=ogyGdBmFVhXs16TVg1XV0g%3D%3D
0451026I,PIÑON Z 26 5/8 SIMPLE INOX AISI 304,https://tracensl.com/www2/ver_fichero.php?abtec=lY82RgE2NJUAoPPY1AkeCQ%3D%3D
0441027I,PIÑON Z 27 1/2 SIMPLE INOX AISI 304,https://tracensl.com/www2/ver_fichero.php?abtec=qjEW10YCv3zELHULPxJIdg%3D%3D
0461027I,PIÑON Z 27 3/4 SIMPLE INOX AISI 304,https://tracensl.com/www2/ver_fichero.php?abtec=vSyVfC1copK1cLFLXhsffQ%3D%3D
0471030I,"PIÑON Z 30 1"" SIMPLE INOX AISI 304",https://tracensl.com/www2/ver_fichero.php?abtec=5sqt4HP293TOeiy7B9oILw%3D%3D
0441030I,PIÑON Z 30 1/2 SIMPLE INOX AISI 304,https://tracensl.com/www2/ver_fichero.php?abtec=4NGkLJXXEkBsX6TVCd96Xw%3D%3D
0461030I,PIÑON Z 30 3/4 SIMPLE INOX AISI 304,https://tracensl.com/www2/ver_fichero.php?abtec=488HTDdUyuVQAlvEOfkCVA%3D%3D
0431030I,PIÑON Z 30 3/8 SIMPLE INOX AISI 304,https://tracensl.com/www2/ver_fichero.php?abtec=HyU41jd%2BphdoZCwvOKOwCA%3D%3D
0451030I,PIÑON Z 30 5/8 SIMPLE INOX AISI 304,https://tracensl.com/www2/ver_fichero.php?abtec=kfhW9zIE1RgzwQt8Esj9tw%3D%3D
0441034I,PIÑON Z 34 1/2 SIMPLE INOX AISI 304,https://tracensl.com/www2/ver_fichero.php?abtec=T%2BgxeIW54AiJTy3PYqSjBg%3D%3D
0451035I,PIÑON Z 35 5/8 SIMPLE INOX AISI 304,https://tracensl.com/www2/ver_fichero.php?abtec=FzrMDi541rrXBUP6a83LUQ%3D%3D
0441038I,PIÑON Z 38 1/2 SIMPLE INOX AISI 304,https://tracensl.com/www2/ver_fichero.php?abtec=9VXnWiYXY6m8%2FTp8VZPOQg%3D%3D
0441040I,PIÑON Z 40 1/2 SIMPLE INOX AISI 304,https://tracensl.com/www2/ver_fichero.php?abtec=gDfVC1yUkpHcSdc7BQWupw%3D%3D
0442010I,"PIÑON Z-10 1/2"" DOBLE INOX AISI-304",https://tracensl.com/www2/ver_fichero.php?abtec=UvMgYfc0gv0TsT6JMmRpFw%3D%3D
0472012I,"PIÑON Z-12 1"" DOBLE INOX AISI-304",https://tracensl.com/www2/ver_fichero.php?abtec=hiB7IUcIL2NtLrPdLBvo8g%3D%3D
0442012I,"PIÑON Z-12 1/2"" DOBLE INOX AISI-304",https://tracensl.com/www2/ver_fichero.php?abtec=oBqJH2gxb73Zp0HJeI63ng%3D%3D
0462012I,"PIÑON Z-12 3/4"" DOBLE INOX AISI-304",https://tracensl.com/www2/ver_fichero.php?abtec=ny6qZVHvPkora24ghbnPAg%3D%3D
0432012I,"PIÑON Z-12 3/8"" DOBLE INOX AISI-304",https://tracensl.com/www2/ver_fichero.php?abtec=RcQ51bdATe9u8XlIfBM1pA%3D%3D
0452012I,"PIÑON Z-12 5/8"" DOBLE INOX AISI-304",https://tracensl.com/www2/ver_fichero.php?abtec=JuWga0In%2FVf6XLgJPK0GmA%3D%3D
0472013I,"PIÑON Z-13 1"" DOBLE INOX AISI-304",https://tracensl.com/www2/ver_fichero.php?abtec=2sGOoOv64%2B%2FxLmtOtqGy0w%3D%3D
0442013I,"PIÑON Z-13 1/2"" DOBLE INOX AISI-304",https://tracensl.com/www2/ver_fichero.php?abtec=ZfvVGXcC8SPRCqRzKvWtyQ%3D%3D
0462013I,"PIÑON Z-13 3/4"" DOBLE INOX AISI-304",https://tracensl.com/www2/ver_fichero.php?abtec=AAqbfM56Ao%2FSszFWs2h3Kw%3D%3D
0432013I,"PIÑON Z-13 3/8"" DOBLE INOX AISI-304",https://tracensl.com/www2/ver_fichero.php?abtec=tz%2BAMK8s0poubEZA5XO7XA%3D%3D
0452013I,"PIÑON Z-13 5/8"" DOBLE INOX AISI-304",https://tracensl.com/www2/ver_fichero.php?abtec=1qNTLymyefjqqPMLitLKLQ%3D%3D
0442014I,"PIÑON Z-14 1/2"" DOBLE INOX AISI-304",https://tracensl.com/www2/ver_fichero.php?abtec=PjqCW5Z1eu8k78fJ4VPkkA%3D%3D
0462014I,"PIÑON Z-14 3/4"" DOBLE INOX AISI-304",https://tracensl.com/www2/ver_fichero.php?abtec=9cnacij2v841Hmclc0NVvg%3D%3D
0432014I,"PIÑON Z-14 3/8"" DOBLE INOX AISI-304",https://tracensl.com/www2/ver_fichero.php?abtec=98KIOjETUA0yZMc0%2FWLSiw%3D%3D
0452014I,"PIÑON Z-14 5/8"" DOBLE INOX AISI-304",https://tracensl.com/www2/ver_fichero.php?abtec=F579XJ5im3H1aKAZvC9acw%3D%3D
0472015I,"PIÑON Z-15 1"" DOBLE INOX AISI-304",https://tracensl.com/www2/ver_fichero.php?abtec=T6BsMChOlPZ2ET860iJjxQ%3D%3D
0442015I,"PIÑON Z-15 1/2"" DOBLE INOX AISI-304",https://tracensl.com/www2/ver_fichero.php?abtec=hXVS9M9VdzcYMu5Qc0TEjA%3D%3D
0462015I,"PIÑON Z-15 3/4"" DOBLE INOX AISI-304",https://tracensl.com/www2/ver_fichero.php?abtec=2eezhEq6fBCEcMz9gHsbDQ%3D%3D
0432015I,"PIÑON Z-15 3/8"" DOBLE INOX AISI-304",https://tracensl.com/www2/ver_fichero.php?abtec=HJZNCEoNSX5ZHz%2BsML5KYQ%3D%3D
0452015I,"PIÑON Z-15 5/8"" DOBLE INOX AISI-304",https://tracensl.com/www2/ver_fichero.php?abtec=D50RPnXg1cwqCUxI37gpyA%3D%3D
0472016I,"PIÑON Z-16 1"" DOBLE INOX AISI-304",https://tracensl.com/www2/ver_fichero.php?abtec=WO0mYp3fxRxQvVbkZUc2Eg%3D%3D
0442016I,"PIÑON Z-16 1/2"" DOBLE INOX AISI-304",https://tracensl.com/www2/ver_fichero.php?abtec=DKlfKtOT6yXFAhTOq7%2Fckw%3D%3D
0462016I,"PIÑON Z-16 3/4"" DOBLE INOX AISI-304",https://tracensl.com/www2/ver_fichero.php?abtec=Db5YVn0FktlPP7ATV7o%2FbA%3D%3D
0432016I,"PIÑON Z-16 3/8"" DOBLE INOX AISI-304",https://tracensl.com/www2/ver_fichero.php?abtec=sMH7CaSIbZkvE5jjKrC0Jw%3D%3D
0452016I,"PIÑON Z-16 5/8"" DOBLE INOX AISI-304",https://tracensl.com/www2/ver_fichero.php?abtec=VAYmTACFfRHmoHj85y%2F7%2Bw%3D%3D
0472017I,"PIÑON Z-17 1"" DOBLE INOX AISI-304",https://tracensl.com/www2/ver_fichero.php?abtec=J%2FMjBNhY3MP9hDJzU6SGow%3D%3D
0442017I,"PIÑON Z-17 1/2"" DOBLE INOX AISI-304",https://tracensl.com/www2/ver_fichero.php?abtec=pxvu4pjOU1pccb5mM%2FLpTA%3D%3D
0462017I,"PIÑON Z-17 3/4"" DOBLE INOX AISI-304",https://tracensl.com/www2/ver_fichero.php?abtec=ah%2Bu%2FGXGcefCrMw%2FjJCxyA%3D%3D
0432017I,"PIÑON Z-17 3/8"" DOBLE INOX AISI-304",https://tracensl.com/www2/ver_fichero.php?abtec=Ts75MJdUa7qq4w52yUtJbw%3D%3D
0452017I,"PIÑON Z-17 5/8"" DOBLE INOX AISI-304",https://tracensl.com/www2/ver_fichero.php?abtec=8z%2FTCUAuLmCR3tVzKOEyEQ%3D%3D
0472018I,"PIÑON Z-18 1"" DOBLE INOX AISI-304",https://tracensl.com/www2/ver_fichero.php?abtec=T2K5jGDGDkcQXz78y981Fg%3D%3D
0442018I,"PIÑON Z-18 1/2"" DOBLE INOX AISI-304",https://tracensl.com/www2/ver_fichero.php?abtec=Lz%2FxDFS6UBM4nRQu4tPbyg%3D%3D
0462018I,"PIÑON Z-18 3/4"" DOBLE INOX AISI-304",https://tracensl.com/www2/ver_fichero.php?abtec=AEx6PxevIXaggK%2FeXBPD7w%3D%3D
0432018I,"PIÑON Z-18 3/8"" DOBLE INOX AISI-304",https://tracensl.com/www2/ver_fichero.php?abtec=5m2SRgntB8bmE1wEANo%2F9g%3D%3D
0452018I,"PIÑON Z-18 5/8"" DOBLE INOX AISI-304",https://tracensl.com/www2/ver_fichero.php?abtec=drgwDNLRXUgcZS3Hxhi8%2Fg%3D%3D
0472019I,"PIÑON Z-19 1"" DOBLE INOX AISI-304",https://tracensl.com/www2/ver_fichero.php?abtec=dtyG3gwqMZf0nEgU%2B0dixA%3D%3D
0442019I,"PIÑON Z-19 1/2"" DOBLE INOX AISI-304",https://tracensl.com/www2/ver_fichero.php?abtec=Eisef0CEsrYlkup1sHciPg%3D%3D
0462019I,"PIÑON Z-19 3/4"" DOBLE INOX AISI-304",https://tracensl.com/www2/ver_fichero.php?abtec=TTWffyZQs1Vb72C2GMKQYw%3D%3D
0432019I,"PIÑON Z-19 3/8"" DOBLE INOX AISI-304",https://tracensl.com/www2/ver_fichero.php?abtec=ICjWyJ2x%2FvVjlyqyA9MR8A%3D%3D
0452019I,"PIÑON Z-19 5/8"" DOBLE INOX AISI-304",https://tracensl.com/www2/ver_fichero.php?abtec=8W%2BAjCbHMWRZtpegmmmV2w%3D%3D
0472020I,"PIÑON Z-20 1"" DOBLE INOX AISI-304",https://tracensl.com/www2/ver_fichero.php?abtec=FvfDFtSyn4Y7wWEDU5hRyg%3D%3D
0442020I,"PIÑON Z-20 1/2"" DOBLE INOX AISI-304",https://tracensl.com/www2/ver_fichero.php?abtec=ruKc9YQBG8cgtLYRxUjeDw%3D%3D
0462020I,"PIÑON Z-20 3/4"" DOBLE INOX AISI-304",https://tracensl.com/www2/ver_fichero.php?abtec=vdSD%2FnFDks%2BQyXuN8bJ4ig%3D%3D
0432020I,"PIÑON Z-20 3/8"" DOBLE INOX AISI-304",https://tracensl.com/www2/ver_fichero.php?abtec=yvTHwjO6vD3tyoGT3wvynQ%3D%3D
0452020I,"PIÑON Z-20 5/8"" DOBLE INOX AISI-304",https://tracensl.com/www2/ver_fichero.php?abtec=KhNV4kkh6FvjQnVroALYGw%3D%3D
0472021I,"PIÑON Z-21 1"" DOBLE INOX AISI-304",https://tracensl.com/www2/ver_fichero.php?abtec=2repbc0jNMGg3P3y9JO7VA%3D%3D
0442021I,"PIÑON Z-21 1/2"" DOBLE INOX AISI-304",https://tracensl.com/www2/ver_fichero.php?abtec=XrX4f7lBOM0IQPLnBP8bDg%3D%3D
0462021I,"PIÑON Z-21 3/4"" DOBLE INOX AISI-304",https://tracensl.com/www2/ver_fichero.php?abtec=qiV5tWax6KXuVMkOaPAe6A%3D%3D
0432021I,"PIÑON Z-21 3/8"" DOBLE INOX AISI-304",https://tracensl.com/www2/ver_fichero.php?abtec=tvHtkUY7dZiu%2BdTBAFIx7Q%3D%3D
0452021I,"PIÑON Z-21 5/8"" DOBLE INOX AISI-304",https://tracensl.com/www2/ver_fichero.php?abtec=vCDmKpqRiTM1r209v5dtyg%3D%3D
0472023I,"PIÑON Z-23 1"" DOBLE INOX AISI-304",https://tracensl.com/www2/ver_fichero.php?abtec=LVbFFx%2FwWWi1L5rUXT3gtA%3D%3D
0442023I,"PIÑON Z-23 1/2"" DOBLE INOX AISI-304",https://tracensl.com/www2/ver_fichero.php?abtec=bJiTaN3xFPfobcIDJkdZzA%3D%3D
0462023I,"PIÑON Z-23 3/4"" DOBLE INOX AISI-304",https://tracensl.com/www2/ver_fichero.php?abtec=j%2Fo34Cv8uCQywA8D2b7Rqw%3D%3D
0432023I,"PIÑON Z-23 3/8"" DOBLE INOX AISI-304",https://tracensl.com/www2/ver_fichero.php?abtec=mYBhc4bMgvm5%2BNpaP79rxw%3D%3D
0452023I,"PIÑON Z-23 5/8"" DOBLE INOX AISI-304",https://tracensl.com/www2/ver_fichero.php?abtec=UO%2B4FsFOhTRFklQdMz1V0A%3D%3D
0472025I,"PIÑON Z-25 1"" DOBLE INOX AISI-304",https://tracensl.com/www2/ver_fichero.php?abtec=%2BryCYF%2BdwnRDNBOBteuJOA%3D%3D
0442025I,"PIÑON Z-25 1/2"" DOBLE INOX AISI-304",https://tracensl.com/www2/ver_fichero.php?abtec=PjU74PeYlRvkq57f9AeiZw%3D%3D
0462025I,"PIÑON Z-25 3/4"" DOBLE INOX AISI-304",https://tracensl.com/www2/ver_fichero.php?abtec=no0r7dDPx15Vst44eMOtrg%3D%3D
0432025I,"PIÑON Z-25 3/8"" DOBLE INOX AISI-304",https://tracensl.com/www2/ver_fichero.php?abtec=4eFyE2F%2BkKcLUvmw5LxqcQ%3D%3D
0452025I,"PIÑON Z-25 5/8"" DOBLE INOX AISI-304",https://tracensl.com/www2/ver_fichero.php?abtec=l60FOcJ3AxzQsTjrDFaTaA%3D%3D
0472027I,"PIÑON Z-27 1"" DOBLE INOX AISI-304",https://tracensl.com/www2/ver_fichero.php?abtec=vuUYaKaWnBzjWLKwxxt3YA%3D%3D
0442027I,"PIÑON Z-27 1/2"" DOBLE INOX AISI-304",https://tracensl.com/www2/ver_fichero.php?abtec=yqbmmXy15ix%2FeCo4vhwx2w%3D%3D
0462027I,"PIÑON Z-27 3/4"" DOBLE INOX AISI-304",https://tracensl.com/www2/ver_fichero.php?abtec=klw%2BwWwWlwGVleWk4VivCw%3D%3D
0452027I,"PIÑON Z-27 5/8"" DOBLE INOX AISI-304",https://tracensl.com/www2/ver_fichero.php?abtec=7E3XxkVabwjI7rAFXMkaIg%3D%3D
0452030I,"PIÑON Z-30 5/8"" DOBLE INOX AISI-304",https://tracensl.com/www2/ver_fichero.php?abtec=1XiCEUBJmjC8tcbyaA0nuw%3D%3D
0472030I,"PIÑON Z-30 1"" DOBLE INOX AISI-304",https://tracensl.com/www2/ver_fichero.php?abtec=0G9llyo98qR50oL7axUxDw%3D%3D
0442030I,"PIÑON Z-30 1/2"" DOBLE INOX AISI-304",https://tracensl.com/www2/ver_fichero.php?abtec=b0kys0%2FK2AEPF6V4phfMQw%3D%3D
0462030I,"PIÑON Z-30 3/4"" DOBLE INOX AISI-304",https://tracensl.com/www2/ver_fichero.php?abtec=xKPofOMcET7yPj8ak2lmxg%3D%3D
0432030I,"PIÑON Z-30 3/8"" DOBLE INOX AISI-304",https://tracensl.com/www2/ver_fichero.php?abtec=qHPC%2BmBTBgqtRiOH6%2FuV6A%3D%3D
